probability_of_default,expected_loss,credit_rating
0.2738,1493.25,E
0.1765,647.14,D
0.4777,1805.78,E
0.0556,256.3,C
0.8216,4671.67,E
0.289,1392.65,E
0.5574,754.82,E
0.9796,2521.42,E
0.1896,651.01,D
0.3972,893.6,E
0.3602,4118.11,E
0.1551,795.11,D
0.2567,1085.42,E
0.852,2586.84,E
0.4612,5066.61,E
0.8377,3941.32,E
0.1146,537.52,D
0.6369,3222.78,E
0.229,1463.34,E
0.2197,453.31,E
0.678,2356.85,E
0.9875,12150.73,E
0.9407,5213.21,E
0.8378,1608.0,E
0.9375,3014.37,E
0.0609,148.42,C
0.6608,1496.49,E
0.9483,5990.36,E
0.8605,5272.11,E
0.9454,3723.55,E
0.2939,1830.48,E
0.0383,374.27,B
0.0269,94.78,B
0.9485,11670.19,E
0.8256,2288.94,E
0.0671,386.99,C
0.8293,3546.28,E
0.9868,3025.3,E
0.0814,531.76,C
0.6601,4540.64,E
0.4078,1892.58,E
0.0055,15.66,A
0.9684,5611.45,E
0.1846,1274.72,D
0.5887,3593.77,E
0.1835,1127.57,D
0.7678,2709.73,E
0.8332,5144.33,E
0.7448,4382.44,E
0.1469,220.56,D
0.8973,2606.87,E
0.5462,4082.59,E
0.6175,2432.57,E
0.7284,1968.09,E
0.5237,2171.61,E
0.238,733.96,E
0.0234,154.77,B
0.4353,1997.78,E
0.1229,1147.62,D
0.814,1543.64,E
0.6344,3291.53,E
0.5786,1213.08,E
0.5646,1776.67,E
0.5867,4836.1,E
0.8203,3591.3,E
0.4372,2170.56,E
0.5227,2425.48,E
0.0436,166.69,B
0.4932,2444.16,E
0.8705,5777.09,E
0.6393,3436.6,E
0.24,892.23,E
0.8798,8213.33,E
0.843,7976.68,E
0.3584,559.6,E
0.1811,1776.29,D
0.4623,2075.01,E
0.7456,1451.62,E
0.4068,932.15,E
0.983,10997.59,E
0.2293,2402.17,E
0.3999,815.16,E
0.5961,1608.16,E
0.6985,3150.87,E
0.0665,150.8,C
0.1231,530.9,D
0.3135,446.02,E
0.2897,2952.35,E
0.5148,1878.26,E
0.1067,702.53,D
0.2734,3363.93,E
0.84,1817.79,E
0.9652,5232.95,E
0.9001,3539.97,E
0.79,3402.23,E
0.9614,4818.96,E
0.1924,830.07,D
0.2026,939.12,E
0.7255,695.19,E
0.4368,675.74,E
0.9323,2717.43,E
0.9969,12266.44,E
0.4141,2030.61,E
0.0215,124.39,B
0.2108,889.46,E
0.2648,2163.34,E
0.0336,329.48,B
0.994,5163.34,E
0.8462,1224.57,E
0.5029,6187.85,E
0.5925,3265.89,E
0.8819,3942.43,E
0.1664,775.51,D
0.3369,815.77,E
0.7535,4365.52,E
0.2785,794.04,E
0.2386,725.74,E
0.8492,6615.33,E
0.7537,950.71,E
0.906,2251.12,E
0.9903,8038.19,E
0.8875,10920.35,E
0.3126,3036.19,E
0.7603,4245.6,E
0.9535,5216.46,E
0.8894,3656.49,E
0.1367,626.04,D
0.8166,4051.23,E
0.1751,218.79,D
0.9871,11384.59,E
0.8428,1743.74,E
0.8003,1493.81,E
0.0367,97.89,B
0.9955,4335.3,E
0.0263,114.77,B
0.7541,4274.43,E
0.1419,1248.73,D
0.9763,3687.16,E
0.3217,1806.85,E
0.0677,454.4,C
0.7428,4612.61,E
0.4188,1052.5,E
0.2556,308.32,E
0.0515,633.73,C
0.3571,3167.16,E
0.9856,2061.7,E
0.6938,1891.03,E
0.0287,79.88,B
0.9786,5705.87,E
0.9961,6514.57,E
0.685,1121.84,E
0.1139,830.89,D
0.7424,4098.52,E
0.115,394.69,D
0.5797,3424.8,E
0.1764,1865.91,D
0.9209,2097.9,E
0.8341,5465.54,E
0.9243,11372.36,E
0.1528,627.62,D
0.7539,4372.32,E
0.9674,2821.85,E
0.4888,4366.17,E
0.8346,2211.84,E
0.5273,1681.31,E
0.0218,167.82,B
0.8823,4392.12,E
0.1508,1507.74,D
0.7335,1545.73,E
0.8811,4875.72,E
0.4707,2902.28,E
0.8766,4807.93,E
0.9937,4443.72,E
0.2671,1161.82,E
0.2474,284.62,E
0.9198,5561.01,E
0.5897,4968.79,E
0.6453,2199.45,E
0.1505,451.4,D
0.4162,1903.62,E
0.5701,6233.36,E
0.2885,1649.55,E
0.1761,794.59,D
0.195,517.03,D
0.9945,12236.96,E
0.9178,11292.42,E
0.2502,1228.69,E
0.1202,254.04,D
0.7378,4923.21,E
0.0231,35.13,B
0.9274,4521.97,E
0.0109,82.9,A
0.8464,4496.83,E
0.4508,1614.99,E
0.4298,1702.62,E
0.071,190.01,C
0.2192,2696.55,E
0.2574,1994.07,E
0.352,2201.09,E
0.633,2898.44,E
0.6444,3038.18,E
0.8374,3104.3,E
0.6496,5368.03,E
0.1669,670.35,D
0.3002,2327.04,E
0.9054,6070.05,E
0.3475,2169.33,E
0.9053,3910.98,E
0.9932,3138.68,E
0.7146,8792.39,E
0.754,9276.92,E
0.9296,1839.32,E
0.7057,2825.01,E
0.2706,2205.33,E
0.7467,3218.92,E
0.1891,469.46,D
0.9512,3749.93,E
0.3317,2960.65,E
0.2459,814.51,E
0.8896,2046.53,E
0.533,3376.94,E
0.074,404.45,C
0.6461,4642.17,E
0.4686,5766.16,E
0.6362,455.21,E
0.4942,2849.59,E
0.4622,1801.44,E
0.9952,10453.63,E
0.7438,2175.63,E
0.5679,6988.04,E
0.9318,11366.18,E
0.9098,2076.8,E
0.5057,2602.36,E
0.0782,277.72,C
0.4018,4943.32,E
0.9313,1722.51,E
0.4678,2811.56,E
0.763,2880.64,E
0.0554,204.46,C
0.0071,41.2,A
0.1671,753.67,D
0.9105,7402.83,E
0.595,2404.52,E
0.4182,2544.7,E
0.0211,169.87,B
0.8997,3802.62,E
0.9155,7273.61,E
0.5575,5369.72,E
0.9238,2039.88,E
0.3131,447.59,E
0.0383,157.97,B
0.0787,493.35,C
0.5465,2730.28,E
0.2804,1632.12,E
0.8519,2241.74,E
0.5363,1587.34,E
0.0217,75.31,B
0.0284,138.58,B
0.7638,1803.49,E
0.3014,1286.63,E
0.9525,3548.31,E
0.8015,6326.77,E
0.1754,580.9,D
0.0689,410.53,C
0.2022,618.07,E
0.8006,2781.02,E
0.5728,1804.58,E
0.9231,3506.29,E
0.81,4579.83,E
0.3601,897.72,E
0.0173,34.51,A
0.1892,432.63,D
0.8843,3964.3,E
0.0384,186.41,B
0.9294,11434.96,E
0.5812,2151.99,E
0.2097,828.9,E
0.1451,1123.94,D
0.3019,2346.15,E
0.609,2760.45,E
0.895,2071.13,E
0.7938,3500.94,E
0.191,353.25,D
0.1655,316.28,D
0.4269,895.84,E
0.7569,1934.75,E
0.2533,2092.63,E
0.7654,9417.84,E
0.321,1410.96,E
0.291,897.82,E
0.5693,2144.37,E
0.7664,3481.4,E
0.8525,3186.9,E
0.1605,1539.3,D
0.0134,30.68,A
0.8846,3211.38,E
0.7247,8916.37,E
0.2994,227.52,E
0.8694,9302.52,E
0.3536,2292.69,E
0.9062,2870.4,E
0.9326,2023.13,E
0.3362,2341.41,E
0.2262,1686.58,E
0.6549,2346.15,E
0.6661,2063.67,E
0.3788,1481.79,E
0.4102,1490.69,E
0.4736,2921.43,E
0.4205,1368.57,E
0.2359,1107.92,E
0.6734,2906.24,E
0.0413,69.04,B
0.339,1170.87,E
0.8403,2708.21,E
0.8304,1841.77,E
0.6765,2296.97,E
0.9181,5157.16,E
0.3205,986.21,E
0.0145,41.87,A
0.1169,364.93,D
0.8075,4451.86,E
0.6414,1739.06,E
0.3875,3877.32,E
0.9609,5897.33,E
0.6742,6020.26,E
0.1613,1171.93,D
0.3951,741.6,E
0.016,26.94,A
0.6883,2485.64,E
0.9728,3966.23,E
0.2907,1072.3,E
0.0031,20.87,A
0.0721,682.1,C
0.6749,5384.18,E
0.9365,4058.57,E
0.9597,4608.36,E
0.9075,4197.06,E
0.0344,152.78,B
0.3127,1729.39,E
0.8503,2432.98,E
0.009,30.15,A
0.3669,845.41,E
0.8924,2275.07,E
0.3228,2184.59,E
0.7332,2662.95,E
0.9438,2914.98,E
0.5914,1342.21,E
0.1397,809.16,D
0.0353,236.63,B
0.1828,1029.13,D
0.4546,2110.28,E
0.8845,4500.27,E
0.1424,565.44,D
0.2913,2349.28,E
0.098,273.43,C
0.6514,2657.46,E
0.7368,4063.47,E
0.3046,3306.87,E
0.1541,266.18,D
0.9531,6035.76,E
0.3172,1584.91,E
0.1345,160.57,D
0.721,5407.84,E
0.2131,184.12,E
0.5332,3312.51,E
0.0191,98.99,A
0.7606,6265.87,E
0.0551,176.15,C
0.8211,3049.33,E
0.5787,6014.38,E
0.727,6143.36,E
0.404,2118.06,E
0.0876,203.73,C
0.3609,1229.71,E
0.0164,135.44,A
0.7822,3400.25,E
0.6733,7090.15,E
0.1405,1049.6,D
0.3267,1262.78,E
0.8697,6698.0,E
0.2585,1791.71,E
0.2507,1171.87,E
0.0726,260.98,C
0.9332,4656.92,E
0.2481,928.19,E
0.9004,4876.43,E
0.8401,1805.88,E
0.614,2548.59,E
0.5252,1616.33,E
0.8536,4467.82,E
0.7038,679.01,E
0.2187,820.44,E
0.5794,2351.97,E
0.0786,128.54,C
0.9012,9767.03,E
0.933,2194.05,E
0.1166,528.2,D
0.9391,3372.13,E
0.8143,2011.73,E
0.0941,344.72,C
0.3596,2511.69,E
0.1765,454.82,D
0.9469,2860.45,E
0.0321,95.13,B
0.1784,1022.63,D
0.2466,430.74,E
0.7223,4171.66,E
0.0272,66.1,B
0.2399,1804.16,E
0.8195,10083.58,E
0.4133,1003.05,E
0.8039,2692.7,E
0.9988,3659.72,E
0.5577,2303.85,E
0.5158,2300.73,E
0.1445,280.57,D
0.5449,3406.07,E
0.9329,6593.84,E
0.0863,441.77,C
0.0064,27.57,A
0.2952,3632.36,E
0.0809,520.04,C
0.9471,2279.41,E
0.5315,1641.57,E
0.8391,2308.72,E
0.0394,81.32,B
0.0087,30.73,A
0.6701,872.03,E
0.095,356.33,C
0.8276,3120.03,E
0.61,1187.96,E
0.1478,472.94,D
0.562,6914.54,E
0.534,1302.56,E
0.7849,4006.55,E
0.8511,4534.54,E
0.697,1314.18,E
0.0502,496.24,C
0.5016,4760.81,E
0.064,169.23,C
0.355,1895.13,E
0.5826,2518.49,E
0.5672,4150.63,E
0.0661,356.05,C
0.8659,1380.37,E
0.9301,1484.95,E
0.8743,2903.81,E
0.3704,4186.58,E
0.974,5500.09,E
0.9558,4124.55,E
0.2626,3230.49,E
0.0735,904.52,C
0.9011,2382.57,E
0.7361,7361.44,E
0.0426,225.87,B
0.3526,1805.06,E
0.0629,487.98,C
0.9286,4018.07,E
0.8328,3824.63,E
0.7754,8788.46,E
0.0897,887.68,C
0.6866,7233.18,E
0.6241,4969.0,E
0.0198,118.92,A
0.9284,5801.14,E
0.9705,1562.34,E
0.8407,1970.43,E
0.7366,4326.59,E
0.9549,4187.08,E
0.1712,634.81,D
0.1967,1029.84,D
0.9958,4288.46,E
0.543,4761.24,E
0.5156,959.63,E
0.104,777.86,D
0.9754,3187.25,E
0.1395,1010.84,D
0.2823,2563.01,E
0.9848,3780.79,E
0.8255,1815.09,E
0.184,1187.86,D
0.1885,971.54,D
0.1985,1181.19,D
0.6517,3175.24,E
0.0916,1127.63,C
0.1997,893.64,D
0.3499,1221.44,E
0.9578,2789.37,E
0.9086,5519.54,E
0.1153,299.79,D
0.4387,1164.44,E
0.0695,195.9,C
0.8461,10410.62,E
0.8757,4410.75,E
0.2405,998.8,E
0.9533,2304.69,E
0.7739,3405.25,E
0.15,500.92,D
0.0036,14.44,A
0.4603,2419.62,E
0.0236,37.85,B
0.0463,199.05,B
0.993,5672.28,E
0.1095,700.03,D
0.4123,1355.71,E
0.7851,3181.35,E
0.0541,220.0,C
0.0415,143.94,B
0.0306,194.16,B
0.7747,2189.88,E
0.6491,4487.98,E
0.5398,2865.23,E
0.9605,6617.95,E
0.9482,8303.89,E
0.9578,1652.97,E
0.09,436.27,C
0.6363,2235.26,E
0.6843,3024.32,E
0.8648,3988.9,E
0.3746,1676.74,E
0.0582,334.65,C
0.5522,2567.03,E
0.3063,1196.37,E
0.741,3286.19,E
0.4418,1958.98,E
0.059,258.06,C
0.8356,4981.37,E
0.0447,456.89,B
0.5484,1597.87,E
0.6088,6614.29,E
0.7138,3769.11,E
0.9031,3509.22,E
0.5623,1363.37,E
0.59,3318.76,E
0.5278,3204.46,E
0.4759,5855.48,E
0.9678,2373.41,E
0.1766,1047.76,D
0.3968,335.39,E
0.825,3427.52,E
0.9207,7276.61,E
0.4742,1132.07,E
0.807,6918.76,E
0.7863,3007.12,E
0.8881,3832.61,E
0.4525,2853.68,E
0.4749,2084.04,E
0.1553,548.24,D
0.0033,19.79,A
0.5296,2847.87,E
0.0736,302.94,C
0.7108,5433.28,E
0.9631,3045.6,E
0.0172,58.15,A
0.6864,1638.11,E
0.1472,265.61,D
0.1899,1394.14,D
0.1911,689.52,D
0.6754,4211.42,E
0.586,2219.81,E
0.3186,3089.69,E
0.8278,1471.79,E
0.0118,49.97,A
0.2379,827.56,E
0.3303,1849.7,E
0.8772,3963.13,E
0.9615,4312.61,E
0.5046,2844.02,E
0.6052,1539.31,E
0.7689,1517.88,E
0.6471,1636.81,E
0.9794,3637.63,E
0.6371,1155.96,E
0.1204,241.7,D
0.6687,5385.88,E
0.9354,4938.17,E
0.8081,5087.81,E
0.7498,2035.65,E
0.0429,131.43,B
0.7928,2118.02,E
0.9647,5234.1,E
0.9038,8623.03,E
0.9928,4018.46,E
0.9521,8461.36,E
0.4882,2839.64,E
0.8604,2048.58,E
0.8318,2391.66,E
0.9782,10293.68,E
0.1954,1264.97,D
0.7025,3195.14,E
0.615,1568.77,E
0.0062,6.27,A
0.446,1385.94,E
0.8365,3914.37,E
0.9713,6150.36,E
0.3368,2810.67,E
0.8635,5037.01,E
0.713,2915.48,E
0.3992,397.77,E
0.015,131.2,A
0.0311,155.16,B
0.6602,4494.78,E
0.5498,1187.63,E
0.2893,945.99,E
0.3144,985.11,E
0.8663,4246.47,E
0.2637,2711.63,E
0.4365,2753.14,E
0.7373,4052.5,E
0.1919,1846.52,D
0.2738,446.17,E
0.382,1105.6,E
0.1048,878.66,D
0.5613,6234.0,E
0.5486,2243.3,E
0.5788,4674.52,E
0.7347,4951.4,E
0.9229,1247.23,E
0.8749,10765.35,E
0.5489,979.35,E
0.9522,7291.96,E
0.0904,151.27,C
0.085,232.33,C
0.5244,1751.46,E
0.334,1717.54,E
0.4893,1504.51,E
0.0323,198.09,B
0.252,1324.48,E
0.1555,645.11,D
0.8195,4581.46,E
0.6857,5111.76,E
0.0742,82.59,C
0.0559,688.1,C
0.1744,403.22,D
0.2831,1352.57,E
0.9603,5343.48,E
0.9891,12170.53,E
0.0199,25.88,A
0.758,728.63,E
0.7587,6350.74,E
0.8516,5140.28,E
0.1318,572.96,D
0.3104,568.23,E
0.9447,5500.69,E
0.9734,4365.08,E
0.458,3757.37,E
0.5983,4521.6,E
0.2933,1808.08,E
0.6829,3571.49,E
0.8548,5913.01,E
0.3001,1113.25,E
0.5756,5296.94,E
0.5726,1311.29,E
0.1804,962.83,D
0.6645,3172.08,E
0.9753,6555.23,E
0.8669,10666.58,E
0.0829,411.12,C
0.018,35.59,A
0.3778,3449.98,E
0.5758,4318.33,E
0.1245,1121.57,D
0.9686,3761.52,E
0.1833,1152.06,D
0.2789,330.57,E
0.1489,490.82,D
0.8963,2461.76,E
0.4631,849.46,E
0.7104,2588.0,E
0.3896,1020.3,E
0.7608,3866.68,E
0.699,8600.87,E
0.1006,194.22,D
0.3723,4576.26,E
0.3406,1896.71,E
0.1524,360.76,D
0.3702,947.59,E
0.4716,4048.07,E
0.8849,5555.49,E
0.6696,807.42,E
0.2801,1543.45,E
0.6448,2768.73,E
0.9066,2991.41,E
0.0713,598.92,C
0.3199,646.67,E
0.2102,574.29,E
0.1175,1260.12,D
0.2028,732.84,E
0.3437,739.06,E
0.2705,1339.09,E
0.056,338.86,C
0.9761,5308.17,E
0.1595,854.49,D
0.719,4596.92,E
0.3768,1162.91,E
0.4576,1985.89,E
0.8946,2411.93,E
0.9959,4998.24,E
0.3471,2024.24,E
0.0383,256.09,B
0.6157,1347.26,E
0.0237,137.15,B
0.5861,2457.94,E
0.9795,7761.3,E
0.4748,2348.42,E
0.9805,6089.68,E
0.7065,3445.42,E
0.0225,88.12,B
0.8168,4073.89,E
0.4208,1932.6,E
0.9113,3788.2,E
0.843,2898.46,E
0.836,3054.04,E
0.9871,3111.6,E
0.9936,1908.12,E
0.1774,752.5,D
0.1029,501.92,D
0.7671,3514.92,E
0.246,1520.32,E
0.3692,1608.98,E
0.141,369.69,D
0.2252,854.52,E
0.7089,2486.61,E
0.994,6689.83,E
0.0389,235.97,B
0.506,4035.18,E
0.8588,2979.58,E
0.0154,141.06,A
0.3381,1163.4,E
0.2167,1492.55,E
0.2712,1735.37,E
0.8658,793.54,E
0.2185,1209.77,E
0.1425,310.78,D
0.8098,6531.55,E
0.7505,1367.21,E
0.0139,60.69,A
0.3356,2486.32,E
0.7608,3903.83,E
0.9621,1964.41,E
0.6619,1073.94,E
0.6451,3015.39,E
0.3876,2137.17,E
0.5511,1208.28,E
0.2523,2778.33,E
0.1946,920.28,D
0.8261,10164.24,E
0.6849,4247.49,E
0.3474,1388.43,E
0.5533,6807.35,E
0.6121,2040.43,E
0.0197,36.34,A
0.2025,540.53,E
0.9241,1545.53,E
0.0238,268.47,B
0.5583,1789.59,E
0.3491,1105.8,E
0.0324,372.67,B
0.1874,469.94,D
0.9644,4346.42,E
0.0396,296.27,B
0.2639,327.63,E
0.9624,5049.12,E
0.9631,4058.69,E
0.7748,3458.9,E
0.7538,9274.89,E
0.2669,411.39,E
0.4869,5679.71,E
0.0708,840.63,C
0.857,4836.49,E
0.7655,5044.4,E
0.649,1854.97,E
0.227,474.34,E
0.939,9342.64,E
0.0757,281.23,C
0.8941,3383.91,E
0.248,1422.33,E
0.3417,1132.78,E
0.0051,20.22,A
0.4789,3450.75,E
0.0407,114.96,B
0.8348,4251.13,E
0.9413,3785.2,E
0.2822,3472.59,E
0.9704,1010.54,E
0.6466,7956.16,E
0.1598,951.55,D
0.3345,2036.14,E
0.9334,5595.25,E
0.8223,713.93,E
0.3335,1479.83,E
0.9486,5051.49,E
0.6222,5334.4,E
0.4194,1708.95,E
0.9817,4554.53,E
0.915,5453.68,E
0.5835,1679.86,E
0.1488,726.76,D
0.5298,1670.07,E
0.4952,1484.21,E
0.099,386.86,C
0.6472,2025.05,E
0.0128,109.83,A
0.1636,542.8,D
0.0315,387.4,B
0.2078,592.68,E
0.1606,545.16,D
0.1801,2216.45,D
0.9746,2096.39,E
0.8855,1965.68,E
0.5466,2086.64,E
0.7649,1335.43,E
0.1273,440.74,D
0.19,864.6,D
0.5948,6895.49,E
0.8762,2650.72,E
0.6411,5746.77,E
0.9469,1752.38,E
0.6569,1572.36,E
0.2974,2923.46,E
0.9675,5158.74,E
0.3832,2131.04,E
0.9326,1733.03,E
0.9099,3318.84,E
0.5108,1630.81,E
0.9574,2625.9,E
0.1561,1253.16,D
0.3838,2668.04,E
0.0401,335.07,B
0.6385,3817.35,E
0.2033,1212.99,E
0.1036,741.3,D
0.3658,2426.72,E
0.0324,152.57,B
0.6779,2709.38,E
0.6319,848.94,E
0.8788,7468.15,E
0.7746,2686.31,E
0.2863,1291.59,E
0.8939,6770.96,E
0.3322,481.68,E
0.7797,2851.19,E
0.7632,864.2,E
0.1389,361.94,D
0.712,7135.77,E
0.9962,3322.02,E
0.0733,902.44,C
0.3975,3973.68,E
0.922,5273.65,E
0.5548,2703.12,E
0.8445,5298.73,E
0.7859,4044.28,E
0.4966,6110.58,E
0.452,1166.38,E
0.3965,1135.34,E
0.2862,1249.72,E
0.3843,623.58,E
0.3558,1465.04,E
0.1626,409.32,D
0.2672,2928.42,E
0.9317,3172.03,E
0.9874,12148.83,E
0.1121,393.98,D
0.4829,377.24,E
0.4742,3340.4,E
0.8741,7464.67,E
0.0327,313.95,B
0.0897,108.32,C
0.296,1485.28,E
0.3876,2517.76,E
0.7461,5573.51,E
0.5852,2077.61,E
0.8929,6318.77,E
0.1146,1409.57,D
0.8842,4401.55,E
0.5479,2536.59,E
0.537,2394.24,E
0.3757,699.55,E
0.2145,1088.26,E
0.2853,1844.38,E
0.1809,1008.4,D
0.1996,643.72,D
0.3017,608.92,E
0.4362,4192.05,E
0.9067,11155.73,E
0.1882,1465.72,D
0.566,5097.57,E
0.7968,1098.07,E
0.964,3778.29,E
0.7189,3024.46,E
0.5355,3518.93,E
0.1099,310.49,D
0.1185,257.27,D
0.126,423.1,D
0.4629,943.75,E
0.3513,4321.95,E
0.0943,221.73,C
0.0309,186.08,B
0.798,1717.35,E
0.5561,3530.46,E
0.0096,47.0,A
0.5319,1973.85,E
0.3549,733.72,E
0.1763,2169.32,D
0.697,3357.44,E
0.8859,1500.15,E
0.0056,16.7,A
0.1636,727.7,D
0.2834,1367.06,E
0.2182,529.49,E
0.4983,4795.73,E
0.752,1477.45,E
0.5407,6457.92,E
0.0113,139.57,A
0.2713,1150.78,E
0.5177,1958.02,E
0.8206,1939.07,E
0.9818,5709.67,E
0.7217,1709.16,E
0.9791,6975.76,E
0.0796,204.6,C
0.0433,406.95,B
0.8519,3442.53,E
0.7431,6324.38,E
0.0014,2.56,A
0.8585,3010.19,E
0.5304,1014.27,E
0.9703,2164.79,E
0.6298,3150.72,E
0.4952,2435.51,E
0.1598,619.43,D
0.9071,3266.87,E
0.3595,970.89,E
0.0686,844.29,C
0.8674,3371.61,E
0.9898,3191.89,E
0.9798,4673.54,E
0.9473,3028.65,E
0.4035,993.07,E
0.9626,8536.89,E
0.4328,430.96,E
0.2352,1028.95,E
0.0214,56.57,B
0.5702,1844.13,E
0.9183,4606.38,E
0.9732,3992.61,E
0.6646,1456.45,E
0.2069,423.39,E
0.4491,2994.49,E
0.2805,458.19,E
0.5576,630.05,E
0.0914,452.5,C
0.2946,1285.38,E
0.8731,3974.5,E
0.7503,9231.52,E
0.4607,2730.02,E
0.9288,3708.35,E
0.766,3490.33,E
0.0549,243.01,C
0.2043,674.86,E
0.0068,15.5,A
0.4572,602.9,E
0.4018,2418.26,E
0.9162,3175.54,E
0.3093,1559.32,E
0.321,2067.75,E
0.3164,3865.17,E
0.1401,1065.07,D
0.914,6221.03,E
0.3115,1507.19,E
0.1296,908.47,D
0.3592,3375.78,E
0.2268,2655.48,E
0.0746,504.2,C
0.9034,7185.66,E
0.5434,2005.82,E
0.5784,3169.73,E
0.035,273.75,B
0.1802,745.0,D
0.1533,422.39,D
0.8051,8154.07,E
0.9736,4547.72,E
0.5569,5671.19,E
0.8951,5288.97,E
0.0384,137.48,B
0.9876,3925.32,E
0.0514,229.34,C
0.0934,379.49,C
0.2043,1174.35,E
0.2379,588.08,E
0.9203,5620.1,E
0.9925,2773.74,E
0.5077,1420.69,E
0.0985,169.52,C
0.1907,756.48,D
0.7984,3536.05,E
0.8626,1489.39,E
0.394,4847.99,E
0.162,430.66,D
0.3533,1576.36,E
0.7794,3819.41,E
0.0084,56.47,A
0.2002,776.17,E
0.6903,3560.78,E
0.0257,316.77,B
0.0127,51.43,A
0.7827,5415.41,E
0.0778,430.01,C
0.6999,3076.03,E
0.4486,3578.8,E
0.8931,3512.3,E
0.8523,1872.19,E
0.5083,1429.97,E
0.9479,2520.02,E
0.9777,8954.72,E
0.7254,4976.35,E
0.3371,840.24,E
0.2126,640.53,E
0.1444,1776.18,D
0.9977,8805.08,E
0.9637,2691.7,E
0.3333,1181.15,E
0.5236,2211.11,E
0.008,52.1,A
0.5883,3686.41,E
0.8261,4979.84,E
0.2979,1034.45,E
0.847,3539.65,E
0.8444,3091.3,E
0.9492,7226.92,E
0.1679,225.47,D
0.6274,2860.78,E
0.8568,1946.24,E
0.2398,511.32,E
0.4894,1291.29,E
0.7523,2432.61,E
0.5024,1016.92,E
0.3594,1941.68,E
0.0345,424.39,B
0.4239,5216.26,E
0.4586,1140.98,E
0.0678,571.74,C
0.7939,6966.63,E
0.8013,2740.72,E
0.8259,6820.68,E
0.0419,97.77,B
0.0581,181.9,C
0.4978,1976.72,E
0.1602,617.04,D
0.8506,4174.35,E
0.4606,3222.89,E
0.5715,2228.46,E
0.0459,95.34,B
0.0526,234.26,C
0.7652,9163.55,E
0.6952,5281.87,E
0.8326,1063.95,E
0.7045,1157.69,E
0.5498,4598.85,E
0.8952,2813.48,E
0.947,6394.96,E
0.9692,4740.04,E
0.0172,25.21,A
0.8743,9200.96,E
0.775,1468.24,E
0.7543,2487.76,E
0.0753,271.29,C
0.277,968.97,E
0.8712,5232.42,E
0.8532,4194.6,E
0.516,3466.94,E
0.4256,3955.52,E
0.487,4840.2,E
0.1909,342.99,D
0.3124,1371.39,E
0.0606,510.19,C
0.0948,431.81,C
0.1201,335.24,D
0.5281,3605.43,E
0.5831,2541.55,E
0.7029,2433.08,E
0.3824,527.24,E
0.6023,1713.07,E
0.914,1136.98,E
0.6472,1828.2,E
0.7456,4602.43,E
0.1253,801.37,D
0.0252,172.31,B
0.1045,288.53,D
0.0634,63.76,C
0.1484,644.18,D
0.8924,879.14,E
0.7118,7764.74,E
0.9156,2712.86,E
0.3456,1715.53,E
0.9858,4527.8,E
0.5924,2632.27,E
0.518,1476.24,E
0.6201,7629.8,E
0.6292,2030.4,E
0.9444,4624.41,E
0.03,251.05,B
0.1791,1082.48,D
0.72,3264.33,E
0.0904,499.93,C
0.6435,5429.07,E
0.0324,142.49,B
0.4316,2837.83,E
0.8424,2368.25,E
0.3664,551.14,E
0.9929,5124.48,E
0.8101,3434.15,E
0.0254,110.07,B
0.1186,775.09,D
0.6466,3885.03,E
0.5449,2628.95,E
0.8806,10834.7,E
0.835,1588.58,E
0.8894,4394.78,E
0.1445,729.5,D
0.1478,1011.12,D
0.6457,4046.3,E
0.0206,188.5,B
0.6571,2230.57,E
0.728,3553.54,E
0.9645,2953.26,E
0.3328,883.9,E
0.4749,1396.19,E
0.9518,11710.62,E
0.7407,3368.47,E
0.5351,5764.79,E
0.6566,2055.06,E
0.7295,1668.21,E
0.646,2666.57,E
0.341,1691.9,E
0.4121,2067.89,E
0.4587,4111.46,E
0.9743,2655.03,E
0.5172,2750.06,E
0.0484,156.54,B
0.7455,2186.91,E
0.0968,277.79,C
0.308,1860.75,E
0.804,3248.98,E
0.8669,4087.46,E
0.9676,2887.9,E
0.9525,1735.32,E
0.9321,1479.6,E
0.7773,6745.97,E
0.0378,363.85,B
0.862,3738.07,E
0.0524,256.86,C
0.5386,4260.3,E
0.1634,761.09,D
0.4627,2280.26,E
0.9549,3681.08,E
0.3817,3227.71,E
0.931,8713.15,E
0.3647,2077.04,E
0.4518,1169.8,E
0.2789,2461.7,E
0.3054,3360.25,E
0.0558,249.2,C
0.9635,2685.23,E
0.047,83.3,B
0.9854,3296.38,E
0.124,357.65,D
0.8873,4455.63,E
0.3106,1011.2,E
0.5886,1346.81,E
0.9105,3501.24,E
0.9434,2131.13,E
0.8008,6975.3,E
0.8406,2361.01,E
0.8871,3452.76,E
0.9112,7310.65,E
0.8892,5490.85,E
0.3396,1501.68,E
0.9899,6794.38,E
0.7348,2835.27,E
0.2905,695.45,E
0.7546,4643.11,E
0.304,566.43,E
0.7187,1297.68,E
0.7415,4188.91,E
0.7139,6725.18,E
0.5551,1504.86,E
0.8562,2993.92,E
0.8451,3749.24,E
0.7907,1114.45,E
0.2686,865.58,E
0.0255,49.8,B
0.7124,2501.97,E
0.3818,1027.56,E
0.011,34.35,A
0.1264,1271.33,D
0.1613,274.5,D
0.5752,2405.79,E
0.3315,1226.95,E
0.831,1686.55,E
0.9165,4862.92,E
0.4972,1583.26,E
0.1988,1687.4,D
0.2684,2362.49,E
0.973,3833.08,E
0.8319,3691.81,E
0.8134,4489.77,E
0.2085,821.04,E
0.7894,8550.37,E
0.6348,4377.62,E
0.3119,523.87,E
0.097,592.65,C
0.0284,117.1,B
0.058,352.82,C
0.7612,9366.01,E
0.6136,1866.67,E
0.1682,868.22,D
0.6909,773.65,E
0.0474,219.68,B
0.2917,657.78,E
0.3184,1310.67,E
0.4917,5023.0,E
0.6656,2557.5,E
0.8742,7112.14,E
0.1057,528.5,D
0.8234,1685.84,E
0.8837,5231.58,E
0.0589,429.96,C
0.3343,3170.29,E
0.3668,2430.87,E
0.2761,565.59,E
0.1067,593.15,D
0.044,540.99,B
0.427,4628.56,E
0.7233,4113.75,E
0.1397,920.08,D
0.3193,285.28,E
0.5104,5737.46,E
0.2616,2610.88,E
0.4917,1673.12,E
0.941,2326.19,E
0.7029,2726.59,E
0.9366,10606.29,E
0.6314,3633.12,E
0.1161,850.23,D
0.9562,2104.66,E
0.6279,2091.66,E
0.0898,504.76,C
0.6398,2480.12,E
0.1167,339.07,D
0.9889,2971.61,E
0.3312,430.45,E
0.8195,2014.9,E
0.9704,4048.78,E
0.0106,45.28,A
0.7547,5875.28,E
0.8604,1268.98,E
0.3388,1977.53,E
0.7663,4085.84,E
0.5603,2148.14,E
0.9607,5861.61,E
0.9724,7666.05,E
0.6724,2425.66,E
0.9387,4919.14,E
0.4294,1232.15,E
0.7867,2182.8,E
0.1088,459.9,D
0.1406,830.17,D
0.7528,3467.9,E
0.9478,2777.66,E
0.0178,83.23,A
0.603,2123.13,E
0.7698,1950.75,E
0.69,2301.82,E
0.2082,1523.05,E
0.6053,1226.19,E
0.1337,1051.42,D
0.0567,465.64,C
0.5679,2978.3,E
0.5629,2840.28,E
0.2536,704.12,E
0.2718,1179.39,E
0.9342,6396.58,E
0.2936,1789.3,E
0.4629,5695.13,E
0.0491,160.56,B
0.7886,3126.14,E
0.6058,2636.01,E
0.4255,1217.34,E
0.0695,89.76,C
0.1863,1809.97,D
0.7333,3502.79,E
0.2305,1219.49,E
0.4802,2836.82,E
0.6029,2703.13,E
0.8468,5221.5,E
0.1304,176.72,D
0.0089,38.4,A
0.2858,1081.54,E
0.6746,1094.85,E
0.9869,2923.38,E
0.9884,4553.73,E
0.9577,6221.07,E
0.2957,719.97,E
0.0626,188.92,C
0.9711,4666.19,E
0.2302,754.44,E
0.8827,2973.91,E
0.7315,1974.89,E
0.1566,795.71,D
0.1509,293.69,D
0.6866,3375.62,E
0.9656,10634.2,E
0.0785,298.74,C
0.6483,6617.75,E
0.0553,242.99,C
0.5805,1246.21,E
0.9491,3525.75,E
0.006,73.9,A
0.4649,2982.56,E
0.9009,4529.02,E
0.4017,1456.82,E
0.9855,2600.3,E
0.0731,217.18,C
0.0227,47.19,B
0.041,124.3,B
0.4445,1136.55,E
0.8977,2926.44,E
0.0226,96.46,B
0.8771,3668.77,E
0.8227,1634.13,E
0.3371,1404.32,E
0.7536,9272.19,E
0.2641,442.88,E
0.1998,421.25,D
0.8113,3265.51,E
0.0417,205.16,B
0.7489,6499.23,E
0.7974,1596.28,E
0.4048,923.88,E
0.0366,110.89,B
0.6698,4998.69,E
0.4049,458.77,E
0.6164,1946.92,E
0.7925,3224.52,E
0.8694,2927.04,E
0.911,2105.74,E
0.8186,2531.4,E
0.7992,4029.08,E
0.4761,1667.7,E
0.5323,5096.22,E
0.706,2711.63,E
0.1906,555.33,D
0.9008,2581.04,E
0.9738,2125.72,E
0.923,11357.39,E
0.2255,1150.57,E
0.9966,4144.81,E
0.966,6103.11,E
0.5773,1408.63,E
0.734,2394.71,E
0.4,2485.55,E
0.08,283.14,C
0.6522,2182.0,E
0.1788,1205.39,D
0.7916,1389.14,E
0.8918,7394.72,E
0.8054,3684.7,E
0.0309,103.72,B
0.4491,4185.11,E
0.0896,962.82,C
0.7459,6520.47,E
0.5499,5568.7,E
0.4239,3764.33,E
0.5723,1194.6,E
0.3588,834.31,E
0.2549,3136.69,E
0.9351,3027.91,E
0.9924,7108.62,E
0.4071,397.53,E
0.2546,1341.79,E
0.3286,629.73,E
0.4768,1628.27,E
0.2205,1991.53,E
0.07,297.49,C
0.4344,1842.16,E
0.8523,5475.67,E
0.6575,763.28,E
0.9375,11535.38,E
0.0115,63.09,A
0.0693,852.48,C
0.5863,4290.59,E
0.9137,3603.54,E
0.7515,2295.91,E
0.0627,228.01,C
0.3725,1178.65,E
0.7528,4262.77,E
0.9662,6115.14,E
0.0273,147.44,B
0.5006,2341.28,E
0.0231,207.79,B
0.8613,4921.9,E
0.2049,921.55,E
0.1533,442.58,D
0.5038,788.62,E
0.1893,1265.37,D
0.6115,2074.36,E
0.7842,1628.89,E
0.0771,452.7,C
0.2263,936.41,E
0.1675,1377.95,D
0.0621,174.35,C
0.3836,2227.53,E
0.9602,2024.51,E
0.7306,5734.75,E
0.3944,2670.87,E
0.1242,245.96,D
0.7819,3860.35,E
0.6904,4118.87,E
0.6485,3051.19,E
0.2842,1779.78,E
0.8065,3083.04,E
0.983,2517.31,E
0.6461,3978.3,E
0.8557,4507.7,E
0.6342,3281.08,E
0.2736,797.82,E
0.2114,1503.52,E
0.8985,11054.78,E
0.1165,318.46,D
0.8615,4168.88,E
0.8541,2880.56,E
0.2373,359.2,E
0.697,2481.18,E
0.2001,704.68,E
0.0978,450.6,C
0.809,4192.48,E
0.6198,3189.72,E
0.7448,2134.42,E
0.9622,11839.33,E
0.4126,1155.11,E
0.3346,1136.37,E
0.2461,715.68,E
0.9706,3288.28,E
0.5442,1947.46,E
0.2814,1293.12,E
0.9938,6108.39,E
0.0492,605.5,B
0.9231,5083.26,E
0.6787,1541.15,E
0.9118,3971.32,E
0.48,1269.35,E
0.0974,443.34,C
0.1581,857.85,D
0.625,2255.24,E
0.5202,2276.09,E
0.1604,1439.42,D
0.0307,124.42,B
0.7168,3187.11,E
0.7815,3140.19,E
0.2332,1229.44,E
0.9361,4468.18,E
0.9467,4283.42,E
0.7559,1930.88,E
0.5326,2552.25,E
0.6578,3734.4,E
0.6763,2305.16,E
0.9736,2336.76,E
0.9038,2074.82,E
0.0107,39.57,A
0.9787,12042.38,E
0.0588,723.96,C
0.3352,3843.3,E
0.9269,2613.15,E
0.1486,356.96,D
0.9394,8493.68,E
0.1976,1083.27,D
0.8191,1213.68,E
0.883,2956.8,E
0.9797,4574.21,E
0.6094,1319.93,E
0.9267,2160.92,E
0.9777,3759.18,E
0.1448,347.9,D
0.8467,9656.01,E
0.9891,3536.43,E
0.3126,1697.03,E
0.1372,455.09,D
0.1092,625.27,D
0.9567,11771.59,E
0.2327,797.62,E
0.9988,3328.21,E
0.6845,2145.19,E
0.8673,2945.51,E
0.9868,12141.59,E
0.0358,357.46,B
0.1004,778.69,D
0.9218,4633.8,E
0.6225,2103.3,E
0.151,1530.72,D
0.2446,1542.76,E
0.2234,314.63,E
0.9113,10096.09,E
0.1686,1176.38,D
0.4132,1508.52,E
0.4168,2245.23,E
0.1129,386.17,D
0.1062,836.09,D
0.6788,4477.63,E
0.6515,2124.32,E
0.3837,2019.11,E
0.0874,479.43,C
0.0945,671.43,C
0.4949,1622.66,E
0.1129,415.13,D
0.1322,420.53,D
0.484,3131.14,E
0.1041,640.47,D
0.7912,1440.14,E
0.997,5912.49,E
0.5008,1154.45,E
0.754,6200.22,E
0.7383,2431.04,E
0.1328,589.46,D
0.1165,407.89,D
0.2007,330.09,E
0.6738,5322.36,E
0.0166,64.82,A
0.9675,4891.95,E
0.9253,9424.53,E
0.0086,41.91,A
0.9221,3012.96,E
0.5112,473.61,E
0.9241,5241.07,E
0.7905,3316.33,E
0.004,14.81,A
0.1339,647.0,D
0.7237,4111.26,E
0.0549,317.49,C
0.7006,2866.56,E
0.9868,5274.5,E
0.9085,1831.63,E
0.6733,1587.66,E
0.8164,2925.07,E
0.7765,1432.69,E
0.9852,2445.08,E
0.1805,770.65,D
0.5932,7298.39,E
0.1184,397.88,D
0.008,18.06,A
0.0373,223.61,B
0.0058,14.84,A
0.1603,1218.4,D
0.1928,574.4,D
0.3588,2738.92,E
0.8914,4873.48,E
0.0617,672.74,C
0.1812,421.87,D
0.2752,1844.63,E
0.9522,4678.53,E
0.0258,119.25,B
0.6295,4876.31,E
0.9831,3885.44,E
0.4594,1339.62,E
0.7715,1578.77,E
0.9673,2575.21,E
0.293,1032.87,E
0.183,394.98,D
0.879,3900.06,E
0.1892,2327.5,D
0.854,10508.23,E
0.4552,1983.57,E
0.307,1803.75,E
0.9921,3354.37,E
0.5194,2622.4,E
0.5441,1115.89,E
0.4475,2177.6,E
0.2078,790.53,E
0.3075,3784.15,E
0.5497,1969.31,E
0.3131,2431.07,E
0.2715,826.61,E
0.0466,192.49,B
0.6202,5411.34,E
0.203,1412.94,E
0.3808,2855.94,E
0.8462,2687.57,E
0.6892,8480.42,E
0.8649,2546.89,E
0.4083,1244.65,E
0.736,2722.24,E
0.8827,2076.82,E
0.2038,588.07,E
0.3106,1625.29,E
0.939,3144.93,E
0.7424,4036.65,E
0.1241,483.13,D
0.2341,685.23,E
0.5019,4343.31,E
0.4427,1251.34,E
0.1818,1412.11,D
0.7705,4439.67,E
0.3607,1424.06,E
0.9049,6897.44,E
0.8408,2506.76,E
0.4562,2142.71,E
0.9173,8327.28,E
0.8904,5134.55,E
0.0359,93.2,B
0.7936,4774.21,E
0.5325,1978.73,E
0.0381,59.43,B
0.66,1209.14,E
0.2014,744.68,E
0.7066,3902.35,E
0.067,512.03,C
0.6015,1543.25,E
0.0047,57.98,A
0.7711,1677.18,E
0.083,558.24,C
0.6949,3184.3,E
0.9259,11169.94,E
0.1828,1714.4,D
0.9513,7159.94,E
0.0314,308.74,B
0.1027,457.04,D
0.3576,3005.49,E
0.9295,2762.86,E
0.9596,5881.64,E
0.0129,158.73,A
0.1772,1089.75,D
0.5609,2182.07,E
0.7845,3391.7,E
0.6834,4615.3,E
0.0879,1050.1,C
0.7602,6062.5,E
0.0135,59.1,A
0.9721,3275.88,E
0.7045,3256.65,E
0.5314,1027.06,E
0.0284,136.57,B
0.1162,1430.23,D
0.4853,4447.15,E
0.869,2293.16,E
0.0761,406.07,C
0.986,12132.26,E
0.9652,5814.17,E
0.3387,1082.61,E
0.7076,2350.63,E
0.5983,3226.89,E
0.7618,3889.28,E
0.9857,5931.64,E
0.7545,2166.73,E
0.8057,3019.23,E
0.5112,3275.27,E
0.1473,666.61,D
0.1922,513.12,D
0.5318,2224.08,E
0.7468,669.31,E
0.632,2829.2,E
0.98,2935.09,E
0.3763,2478.74,E
0.2222,1623.8,E
0.5941,974.52,E
0.1842,373.85,D
0.0325,134.11,B
0.044,283.15,B
0.8897,4600.67,E
0.571,2406.11,E
0.7981,8624.85,E
0.723,8896.37,E
0.2518,1018.32,E
0.7331,4782.37,E
0.7099,3586.57,E
0.9123,3916.79,E
0.2056,596.96,E
0.6554,3148.69,E
0.2445,1576.21,E
0.7095,3203.18,E
0.8487,6424.51,E
0.0381,211.43,B
0.7174,3154.87,E
0.5367,1349.4,E
0.5011,595.33,E
0.9788,4477.13,E
0.8606,5487.85,E
0.262,1267.83,E
0.934,2711.76,E
0.606,3251.89,E
0.8995,3406.61,E
0.1208,269.32,D
0.7078,2012.0,E
0.0456,257.93,B
0.3577,615.99,E
0.2278,1577.21,E
0.5316,1618.06,E
0.4875,4094.23,E
0.3651,794.25,E
0.1456,354.08,D
0.3735,2065.3,E
0.4416,4125.06,E
0.0321,366.85,B
0.2084,515.86,E
0.8513,4640.09,E
0.9475,4833.5,E
0.2593,1122.38,E
0.6423,2979.23,E
0.3134,3054.62,E
0.7714,5004.64,E
0.8062,9919.49,E
0.9203,4639.54,E
0.7575,7268.67,E
0.1241,355.12,D
0.1606,1148.3,D
0.3095,653.45,E
0.3627,1981.25,E
0.5711,2324.26,E
0.1027,442.87,D
0.7135,8778.52,E
0.0487,151.14,B
0.462,1580.74,E
0.5456,1861.61,E
0.5446,3833.48,E
0.0339,417.48,B
0.8702,5546.65,E
0.771,5228.46,E
0.9634,3793.79,E
0.6281,6218.75,E
0.0444,234.11,B
0.7914,3791.96,E
0.6218,3951.94,E
0.0035,6.37,A
0.1076,732.78,D
0.1277,848.13,D
0.0626,555.64,C
0.8475,5053.8,E
0.8861,3231.73,E
0.9496,2837.41,E
0.1872,828.27,D
0.118,316.53,D
0.5128,3003.06,E
0.2147,636.0,E
0.634,1235.02,E
0.3156,1425.1,E
0.2306,2837.21,E
0.9752,7052.59,E
0.2506,290.98,E
0.6045,5057.58,E
0.5587,1213.51,E
0.3449,577.47,E
0.8774,3362.23,E
0.7085,3465.54,E
0.8075,3452.74,E
0.7319,1726.57,E
0.32,1068.16,E
0.7945,1892.66,E
0.7661,1376.37,E
0.3321,1526.09,E
0.9242,3510.38,E
0.1763,1138.93,D
0.0404,367.33,B
0.7225,3949.9,E
0.9377,3007.19,E
0.3993,2828.48,E
0.7234,2051.61,E
0.0335,139.04,B
0.0164,80.12,A
0.6051,3545.43,E
0.2097,528.1,E
0.0475,244.39,B
0.8957,11021.39,E
0.5471,3614.11,E
0.9819,2127.27,E
0.1361,521.32,D
0.2317,1053.98,E
0.3478,2086.05,E
0.3397,497.46,E
0.1134,463.94,D
0.5041,3969.37,E
0.511,4189.16,E
0.1209,309.05,D
0.5247,2790.53,E
0.0777,464.63,C
0.0814,476.02,C
0.8817,985.43,E
0.7085,2561.81,E
0.9292,2829.36,E
0.9468,3516.4,E
0.2017,1077.07,E
0.1651,729.82,D
0.7769,3090.05,E
0.6305,4512.69,E
0.2836,3102.54,E
0.396,4025.65,E
0.4262,1978.65,E
0.9284,4672.49,E
0.062,190.54,C
0.1268,340.7,D
0.3369,2530.55,E
0.4304,2262.26,E
0.1434,544.42,D
0.7936,2148.16,E
0.6765,4186.44,E
0.8409,1946.5,E
0.8888,3380.83,E
0.9166,2559.15,E
0.9926,9406.4,E
0.0671,364.42,C
0.5662,1949.15,E
0.136,360.55,D
0.0476,178.98,B
0.841,3403.67,E
0.8704,2449.84,E
0.2249,1088.59,E
0.103,163.85,D
0.8122,2015.51,E
0.0299,95.94,B
0.6553,4349.98,E
0.3398,4180.86,E
0.8059,6106.97,E
0.9363,6905.56,E
0.3491,3591.0,E
0.9867,3020.66,E
0.2069,768.87,E
0.4688,3039.73,E
0.9501,2211.49,E
0.3293,1554.15,E
0.0115,44.76,A
0.2295,1050.37,E
0.1886,826.99,D
0.2883,745.41,E
0.3155,1254.22,E
0.0265,232.63,B
0.97,4815.24,E
0.6245,2210.76,E
0.1539,1553.69,D
0.7557,9298.22,E
0.2512,1407.88,E
0.4853,1482.08,E
0.303,1174.51,E
0.2281,2806.85,E
0.2797,552.6,E
0.0868,497.17,C
0.9941,5843.69,E
0.8316,1825.54,E
0.8841,5946.24,E
0.534,1620.52,E
0.7856,4002.42,E
0.6779,3279.51,E
0.0617,334.4,C
0.9903,1738.73,E
0.4984,1882.89,E
0.0089,51.09,A
0.6261,2597.49,E
0.339,991.72,E
0.9847,3205.94,E
0.1935,547.35,D
0.1662,706.36,D
0.9062,3175.42,E
0.2696,1037.28,E
0.9033,1755.28,E
0.0143,117.12,A
0.1063,676.02,D
0.9637,6592.75,E
0.2302,541.09,E
0.1769,529.08,D
0.1644,1001.01,D
0.1962,2249.92,D
0.923,1633.13,E
0.9419,3299.21,E
0.0061,23.8,A
0.0807,278.91,C
0.1706,2099.16,D
0.1956,567.35,D
0.3137,1727.25,E
0.8683,8459.18,E
0.4566,1913.36,E
0.8654,3593.83,E
0.6428,1363.86,E
0.9745,521.87,E
0.0584,326.55,C
0.3526,2422.1,E
0.1221,633.0,D
0.0284,201.31,B
0.3747,835.17,E
0.9083,3160.65,E
0.0074,19.36,A
0.8487,9694.54,E
0.854,1905.58,E
0.9826,3410.17,E
0.1842,804.03,D
0.1895,421.9,D
0.1085,611.09,D
0.6974,6123.52,E
0.8818,8232.13,E
0.8132,4204.63,E
0.9902,2226.47,E
0.3437,2543.78,E
0.4345,1498.29,E
0.3006,553.96,E
0.4367,2190.99,E
0.4083,5023.63,E
0.2921,3026.68,E
0.7462,1612.2,E
0.0857,449.92,C
0.2722,2419.08,E
0.7596,4122.38,E
0.7724,2696.86,E
0.5551,2355.07,E
0.2386,2936.14,E
0.9195,3313.07,E
0.6641,3761.09,E
0.7327,2141.51,E
0.7868,6953.37,E
0.9346,2667.82,E
0.3129,822.18,E
0.2419,693.87,E
0.9185,2260.21,E
0.3086,3797.16,E
0.4097,812.91,E
0.8031,3677.27,E
0.0658,227.52,C
0.6238,5953.39,E
0.413,1051.6,E
0.8235,1645.57,E
0.4006,2199.8,E
0.8419,4335.64,E
0.0272,179.04,B
0.1521,711.47,D
0.1805,465.36,D
0.0125,51.83,A
0.0237,47.96,B
0.7045,2070.19,E
0.5208,1655.55,E
0.0416,141.54,B
0.203,518.52,E
0.3182,1828.65,E
0.1038,443.97,D
0.9913,4108.49,E
0.3823,1036.65,E
0.5288,6506.16,E
0.8369,1894.7,E
0.9127,4978.95,E
0.0538,477.32,C
0.6054,3905.88,E
0.9909,4900.23,E
0.7034,8654.94,E
0.7183,4682.81,E
0.746,1785.39,E
0.9152,3048.85,E
0.3684,1548.96,E
0.7558,2809.89,E
0.2348,1570.67,E
0.842,10360.1,E
0.8469,9964.25,E
0.9403,7171.58,E
0.4491,2255.27,E
0.1654,335.27,D
0.9722,1299.09,E
0.6888,2551.12,E
0.8963,2853.9,E
0.1393,400.78,D
0.6379,2914.3,E
0.1629,831.21,D
0.7663,3761.36,E
0.1225,410.36,D
0.4302,1305.13,E
0.9551,4669.18,E
0.7836,933.58,E
0.0896,130.96,C
0.4409,1103.2,E
0.9811,3415.25,E
0.042,263.91,B
0.6311,7692.68,E
0.359,868.08,E
0.8878,6473.3,E
0.3263,4015.21,E
0.9534,2766.88,E
0.1579,478.67,D
0.6843,3605.3,E
0.2754,1339.84,E
0.5311,6535.15,E
0.7901,6414.26,E
0.4324,1735.47,E
0.2785,756.13,E
0.9663,2269.78,E
0.0167,119.52,A
0.4592,1900.42,E
0.9473,4561.58,E
0.278,2552.74,E
0.67,2884.95,E
0.2441,1648.51,E
0.9342,4162.8,E
0.0169,46.94,A
0.7127,8769.53,E
0.1947,841.7,D
0.7201,1416.88,E
0.886,1654.11,E
0.905,2166.39,E
